Brand,Nationality,Website
22 Designs,United States,https://www.twentytwodesigns.com/
2UNDR,Canada,https://2undr.com/
303,United States,https://www.goldeagle.com/
7 Summits Snacks,Canada,https://sevensummitssnacks.com/
8BPlus,Austria,https://8bplus.com/
A Little Paddle,Canada,https://www.alittlepaddle.ca/
Abus,Germany,https://www.abus.com/
Addaday,,https://www.linkedin.com/
Adventure Andy,Canada,https://adventureandy.com/
Adventure Medical Kits,United States,https://adventuremedicalkits.com/
Adventure Ready,United States,https://adventurereadybrands.com/
AeroPress,United States,https://aeropress.com/
Aetrex,United States,https://www.aetrex.com/
After Bite,United States,https://afterbite.com/
Agawa Canyon,Canada,https://agawacanyon.com/
Aircast,United States,https://www.cuparx.com/
AKU,Italy,https://www.aku.com/
alder,,https://
Alex,,https://
All Good,United States,https://allgoodbodycare.com/
Allen Rollin Publishing,,https://www.allenrollin.com/
Aloe Up,United States,https://www.aloepup.com/
Alpen Fuel,United States,https://alpenfuel.com/
Alpine Book Peddlers,,https://www.alpinebookpeddlers.com/
AlpineAire,United States,https://www.alpineaire.com/
Altra,United States,https://www.altrarunning.com/
Ambler,,https://www.amblerapparel.com/
Anatech,,https://
Annika Mang,Germany,https://annikamang.de/
Aqua Bound,United States,https://aquabound.com/
Aqua Marina,China,https://www.aquamarina.net/
Aqua-Lung,France,https://www.aqualung.com/
Aquaglide,United States,https://www.aquaglide.com/
Aquaseal,United States,https://www.aquaseal.com/
Aquasphere,Italy,https://www.aquasphere.com/
Aquatabs,United Kingdom,https://www.pureriver.com/
Aravon,United States,https://www.newbalance.com/
Arc'teryx,Canada,https://arcteryx.com/
Arcade,United States,https://www.arcadebelts.com/
Arcade Belts,United States,https://www.arcadebelts.com/
Arena,Italy,https://www.arenawaterinstinct.com/
Armada,United States,https://armadaskis.com/
Arundel,,https://
Ascents Publications,,https://www.ascentspublications.com/
Asics,Japan,https://www.asics.com/
Asolo,Italy,https://www.asolo.com/
Ass Savers,Netherlands,https://ass-savers.com/
Assorted Publishers,,https://
Astral,United States,https://astraldesigns.com/
ATK,Italy,https://atk-ski.com/
Atlas,United States,https://www.atlasmountain.com/
Atomic,Austria,https://www.atomic.com/
Auclair,Canada,https://auclair.com/
Aurelle,,https://
avalanchepatch,,https://avalanchepatch.com/
Avid,,https://
Axiom,United States,https://axiomgear.com/
Axle Release,,https://
Backcountry Access,United States,https://www.backcountryaccess.com/
Backcountry Skiing Canada,Canada,https://www.backcountryskiingcanada.com/
Backpacker’s Pantry,United States,https://backpackerspantry.com/
Backroad Mapbooks,Canada,https://www.backroadmapbooks.com/
Baffin,Canada,https://www.baffin.com/
Balega,South Africa,https://balega.co.za/
Basecamp Card,United States,https://basecampcard.com/
Bauerfeind,Germany,https://www.bauerfeind.com/
Beal,France,https://www.bealplanet.com/
Bear Vault,United States,https://www.bearvault.com/
BearVault,United States,https://www.bearvault.com/
BeaverCraft,,https://
BeaverWax,Canada,https://www.beaverwax.com/
Ben’s,United States,https://www.bens.com/
Berghaus,United Kingdom,https://www.berghaus.com/
Big Agnes,United States,https://www.bigagnes.com/
BiKase,United States,https://www.bikase.com/
Billabong,Australia,https://www.billabong.com.au/
Billy Bob`s Jerky,United States,https://billybobsjerky.com/
BioLite,United States,https://www.bioliteenergy.com/
Biotime,,https://
Birkenstock,Germany,https://www.birkenstock.com/
Bishop Shreds,,https://www.bishopshreds.com/
Bivo,,https://
Black Crows,France,https://www.black-crows.com/
Black Diamond,United States,https://www.blackdiamondequipment.com/
Black Yak,South Korea,https://www.blackyak.com/
black+blum,United Kingdom,https://www.blackblum.com/
BlackWater,,https://blackwatergear.com/
Blenders,United States,https://www.blenderssunglasses.com/
Blistwool,,https://blistwool.com/
Blizzard,Austria,https://www.blizzard-tec.com/
Blue Ice,France,https://www.blueice.com/
Blundstone,Australia,https://www.blundstone.com/
BN3TH,Canada,https://www.bn3th.com/
Body Glide,United States,https://www.bodyglide.com/
Bogs,United States,https://www.boggsfootwear.com/
Bonnetier,,https://www.bonnetier.com/
Boody,Australia,https://boodywear.com/
Bote,United States,https://www.bote.com/
Bottle Bright,United Kingdom,https://bottlebright.co.uk/
Bridgedale,United Kingdom,https://www.bridgedale.com/
Brooks,United States,https://www.brooksrunning.com/
Brooks England,United Kingdom,https://www.brooksengland.com/
Brunton,United States,https://www.brunton.com/
Bu,,https://
Buff,Spain,https://www.buff.com/
Bula,Norway,https://www.bula.no/
Burley,United States,https://www.burley.com/
Bushnell,United States,https://www.bushnell.com/
Bushnell Performance Optics,United States,https://www.bushnell.com/
Cablz,United States,https://www.cablz.com/
Cambrian,,https://
CamelBak,United States,https://www.camelbak.com/
Camp USA,United States,https://www.campusa.com/
Campstar,,https://
Campsuds,United States,https://www.campsuds.com/
Canadian Canine,Canada,https://www.canadiancanine.com/
Canadian Heritage Roasting Co.,Canada,https://www.chrcoffee.com/
Canadian Map Makers,Canada,https://www.canadianmapmakers.com/
Canadian River Supply,Canada,https://
Cannon Paddles,Canada,https://www.cannon-paddles.com/
Cannondale,United States,https://www.cannondale.com/
Care Plus,Netherlands,https://www.careplus.nl/
Carve Designs,United States,https://carvedesigns.com/
Castelli,Italy,https://www.castelli-cycling.com/
Cat Eye,Japan,https://www.cateye.com/
Chaco,United States,https://chacos.com/
Chaos Hats,,https://chaoshats.com/
Chinook Technical Gear,United States,https://chinooktechnical.com/
Chlorophylle,Canada,https://www.chlorophylle.com/
Chums,United States,https://www.chums.com/
Ciele Athletics,Canada,https://www.cieleathletics.com/
Clark Geomatic,,https://clarkgeomatic.com/
Clarks,United Kingdom,https://www.clarks.com/
Classic Walker,,https://
Cliffrose Ventures,,https://cliffroseventures.com/
ClimbOn,United States,https://www.climbon.com/
Clipper Canoes,Canada,https://clippercanoes.com/
Coast Distributors,,https://coastdistributors.com/
Coastal Campfires,Canada,https://coastalcampfires.com/
Coghlan’s,Canada,https://coghlans.com/
Cole Haan,United States,https://en.wikipedia.org/wiki/Cole_Haan
Coleman,United States,https://www.coleman.com/
Colltex,Switzerland,https://www.colltex.ch/
Color Kids,,https://
Columbia,United States,https://www.columbia.com/
Columbia Sportswear,United States,https://www.columbia.com/
Continental,Germany,https://www.conti-online.com/
Contour Skins,United States,https://www.contourskins.com/
Coros,United States,https://coros.com/
Cotopaxi,United States,https://www.cotopaxi.com/
Cottonmouth,,https://www.cottonmouthgear.com/
Council Tool,United States,https://www.counciltool.com/
Counter Assault,United States,https://www.counterassault.com/
Counterpart Coffee,United States,https://counterpartcoffee.com/
Craft,Sweden,https://www.craft-sportswear.com/
Craghoppers,United Kingdom,https://www.craghoppers.com/
Crankbrothers,United States,https://crankbrothers.com/
Crazy Creek,United States,https://www.crazycreek.com/
Crispi,Italy,https://www.crispi.it/
Crocs,United States,https://www.crocs.com/
CTR,,https://
CTR Outdoors,,https://ctroutdoors.com/
Current Designs,United States,https://www.currentdesigns.com/
Currex,Germany,https://www.currex.com/
Cushcore,Canada,https://cushcore.com/
Daehlie,Norway,https://www.dahlie.com/
Dahlgren,United States,https://www.dahlgrenseaplanes.com/
Dakine,United States,https://www.dakine.com/
Dalbello,Italy,https://www.dalbello.it/
Dalbello Ski Boots,Italy,https://www.dalbello.it/
Danner,United States,https://www.danner.com/
Danuu,,https://www.danuu.com/
Dark Energy,,https://darkenergygear.com/
Darn Tough,United States,https://darntough.com/
Daysaver,,https://
DB Journey,,https://dbjourney.com/
Deadpoint Climbing Co.,United States,https://deadpointclimbing.com/
DeFeet,United States,https://defeet.com/
Defense Aerosols,United States,https://defenseaerosols.com/
Deity,United States,https://deitycomponents.com/
Delta,United States,https://www.deltagroup.com/
Deuter,Germany,https://www.deuter.com/
Devold,Norway,https://www.devold.com/
Devventures,,https://devventures.com/
DMM,United Kingdom,https://www.dmmclimbing.com/
Donjoy,United States,https://www.djoglobal.com/
Dovetail Workwear,Canada,https://dovetailworkwear.com/
Dr. Bronner’s,United States,https://www.drbronners.com/
Drew,,https://
Druide,Canada,https://druide.eco/
DryGuy,United States,https://dryguy.com/
DU/ER,Canada,https://duer.com/
Duco,,https://
Duer,Canada,https://www.duer.com/
Dunham,United States,https://www.dunhamsshoe.com/
Duracell,United States,https://www.duracell.com/
DuraFlex,,https://
Duro,,https://
Dynafit,Germany,https://www.dynafit.com/
Eagle Creek,United States,https://www.eaglecreek.com/
Earthwell,,https://earthwellgear.com/
Eco Adventure,,https://eco-adventure.com/
Ecostraw,,https://ecostraw.com/
Edelrid,Germany,https://edelrid.de/
Elan,Slovenia,https://www.elan-skis.com/
Enlightened Equipment,United States,https://enlightenedequipment.com/
ENO,Canada,https://enonation.ca/
Ergon,Germany,https://ergon-bike.com/
Esker,,https://www.esker.com/
Esker Insoles,,https://www.eskerinsoles.com/
Esquif International Inc,Canada,https://www.esquif.com/
Eureka!,United States,https://eurekacamping.com/
Evo,United States,https://evolutionkb.com/
EVOC,Germany,https://evoc.de/
Evolv,United States,https://www.evolvsports.com/
ExOfficio,United States,https://www.exofficio.com/
Exped,Switzerland,https://www.exped.com/
FACTION,Switzerland,https://factionskis.com/
Falcon,,https://
Fastex,,https://
Fathom,,https://
Feedback Sports,United States,https://feedbacksports.com/
Feelfree,South Africa,https://www.feelfree.co.za/
Feetures,United States,https://www.feetures.com/
Fenix,China,https://www.fenixlight.com/
Fenix Lighting,China,https://www.fenixlight.com/
Fernwood Coffee,Canada,https://www.fernwoodcoffee.com/
Ferreol Skis,,https://www.ferreolskis.com/
Fidlock,Germany,https://fidlock.com/
Fido Pro Corp,Canada,https://www.fidopro.com/
Fieldsheer Canada,Canada,https://www.fieldsheer.com/
Fig,,https://
Fig Clothing,,https://www.figclothing.com/
Firefly,,https://
Firepot Food,Canada,https://www.firepot.ca/
Fischer,Austria,https://www.fischersports.com/
Five Ten,United States,https://www.adidasoutdoor.com/
Fixe,Spain,https://www.fixeforces.com/
Fizik,Italy,https://www.fizik.com/
Fjallraven,Sweden,https://www.fjallraven.com/
Flashed,,https://
Flashed Climbing,,https://www.flashedclimbing.com/
Flaxta,,https://www.flaxta.com/
Flextail,,https://flextail.com/
FlipFuel,,https://flipfuel.com/
Flylow,United States,https://flylowgear.com/
Foon Skis,,https://www.foon-skis.com/
Forsake,United States,https://www.forsake.com/
Fox 40,Canada,https://www.fox40whistle.com/
Fox Racing,United States,https://www.foxracing.com/
Freestone Equipment,,https://www.freestoneequipment.com/
Friesen Press,Canada,https://www.friesenpress.com/
Fritschi,Switzerland,https://www.fritschi.swiss/
Frontiersman,,https://
Fubuki,,https://www.fubuki.com/
Fuza Wool - Nepal,Nepal,https://www.fuzawool.com/
G3,Canada,https://g3gear.com/
G7,,https://www.g7gear.com/
Galerie au Chocolat,Canada,https://galerieauchocolat.ca
Galerie Au Chocolat,,https://
Garmin,United States,https://www.garmin.com/
GCI Outdoor,United States,https://www.gcioutdoor.com/
Gear Aid,United States,https://gearaid.com/
Gearlab Outdoors,,https://www.gearlaboutdoors.com/
Gecko,,https://www.geckobrands.com/
Gem Trek Publishing,Canada,https://gemtrek.com
Gemtrek,,https://www.gemtrek.com/
GFlex,,https://www.gflexgear.com/
Ghost,United States,https://ghostlifestyle.com
Ghostrider Equipment,,https://www.ghostriderequipment.com/
Gift Card,,https://
Girlfriend Collective,United States,https://girlfriend.com
Giro,United States,https://giro.com
Gladding Braided,United States,https://gladdingbraided.com
Glerups,Denmark,https://glerups.com/
Glint,,https://
Go Travel,,https://
Go-Girl,United States,https://www.gogirlusa.com/
Goal Zero,United States,https://www.goalzero.com/
Gogglesoc,United States,https://www.gogglesoc.com/
GoggleSoc,,https://
GoGirl,,https://
GoMacro,,https://
Good Juju,,https://
Good To Go,United States,https://www.goodtogo.com/
Good To-Go,,https://
Goodr,United States,https://www.goodr.com/
Goodyear,United States,https://goodyear.com
GoPro,United States,https://gopro.com/
Gordini,United States,https://gordiniusa.com
GoTrekkers Inc,,https://www.gotrekkers.com/
Grabber,,https://
Grand Trunk,,https://
"Grand Trunk, LLC",United States,https://www.grandtrunk.com/
GrandWall Equipment,,https://www.grandwall.com/
Grangers,United Kingdom,https://www.grangers.co.uk/
Gransfors Bruk,Sweden,https://www.gransforsbruk.com/
Grayl,Canada,https://www.grayl.com/
Green Beaver,Canada,https://greenbeaver.com
Gregory,United States,https://www.gregorypacks.com/
Grey Owl,Canada,https://www.greyowl.ca/
Grisport,Canada,https://www.grisport.ca/
Grivel,Italy,https://grivel.com
GSI,United States,https://gsioutdoors.com
GSI Outdoors,United States,https://gsioutdoors.com/
GU,United States,https://guenergy.com
Guee,,https://
GuideMaps Squamish,Canada,https://guidemapssquamish.com/
Handfuel,,https://
HanWag,Germany,https://www.hanwag.com/
Happy Yak,Canada,https://www.happyyak.ca/
Harmony,,https://www.harmonybrands.com/
Healthy Hippo,,https://
Heat Holders,United Kingdom,https://heatholders.com
Helinox,South Korea,https://helinox.com/
Helle,Norway,https://www.helle.no/
Hennessy Hammock,Canada,https://www.hennessyhammock.com/
Heritage House Pub.,Canada,https://www.heritagehouse.ca/
Heroclip,United States,https://heroclip.com
Herschel,Canada,https://herschel.com
Hestra,Sweden,https://www.hestragloves.com/
High Col Press,,https://www.highcolpress.com/
Hilda74 Retro Designs,,https://www.hilda74.com/
Hillsound,Canada,https://hillsound.ca
Hillsound Equipment,Canada,https://www.hillsound.com/
Hoka,France,https://www.hokasport.com/
Honey Stinger,United States,https://www.honeystinger.com/
Hooke,,https://www.hookegear.com/
Hornby Organic,Canada,https://hornbyorganic.com
Hot Poc,,https://
Houdini,Sweden,https://houdinisportswear.com
Huha,,https://
Hultafors,Sweden,https://hultafors.com
Hults Bruk,Sweden,https://www.hultsbruk.se/
Huma,,https://
HumanCo,,https://
HumanGear,United States,https://humangear.com/
Humangear,United States,https://humangear.com
Hummingbird,,https://www.hummingbirdgear.com/
Hydrapak,United States,https://www.hydrapak.com/
Hydrascape Stickers,,https://www.hydrascape.com/
Hydro Flask,United States,https://www.hydroflask.com/
Icebreaker,New Zealand,https://www.icebreaker.com/
icebreaker,New Zealand,https://icebreaker.com
Icebug,Sweden,https://icebug.com
Icelantic Skis,United States,https://icelanticskis.com/
ICEtrekkers,,https://icetrekkers.com/
IceTrekkers,,https://
Ico,,https://
Igloo,United States,https://igloocoolers.com
Ignik,United States,https://ignik.com
Ilse Jacobsen,Denmark,https://www.ilsejacobsen.com/
Incrediwear,United States,https://www.incrediwear.com/
Indosole,United States,https://www.indosole.com/
Indyeva,France,https://www.indyeva.com/
Injinji,United States,https://www.injinji.com/
inReach,United States,https://explore.garmin.com/
Intuition,United States,https://www.intuitionsports.com/
Inuikii,Switzerland,https://www.inuikii.com/
IXS,Switzerland,https://ixs.com
J.B. Field's,Canada,https://jbfields.ca
Jagwire,United States,https://jagwire.com
Jasper Fast,,https://www.jasperfast.com/
Jeff's Map,,https://
JetBlack,Australia,https://jetblackcycling.com
Jetboil,United States,https://www.jetboil.com/
John Baldwin,,https://www.johnbaldwin.com/
Julbo,France,https://www.julbo.com/
K-Edge,United States,https://k-edge.com
K-Pump,,https://www.kpump.com/
K2,United States,https://k2sports.com
Kahtoola,United States,https://www.kahtoola.com/
Kahuna Paddleboards,United States,https://kahunapaddleboards.com/
Kajak Sport,Finland,https://kajaksport.com
Kamik,Canada,https://kamik.com
Kammok,United States,https://kammok.com
Karakoram,United States,https://karakorambindings.com/
Kari Traa,Norway,https://www.karitraa.com/
Karpos,Italy,https://karpos-outdoor.com
Katadyn,Switzerland,https://www.katadyn.com/
Kathmandu,New Zealand,https://kathmandu.com.au
Kayland,Italy,https://www.kayland.com/
Keen,United States,https://www.keenfootwear.com/
Keep Nature Wild,,https://www.keepnaturewild.com/
Kelly Kettle,Ireland,https://www.kellykettle.ie/
Kershaw,United States,https://kershaw.kaiusa.com
Kevin Clark,,https://www.kevinclark.com/
Kids Ride Shotgun,Australia,https://kidsrideshotgun.com
Kinco,United States,https://www.kinco.com/
Klean Kanteen,United States,https://www.kleankanteen.com/
KMC,Taiwan,https://kmcchain.com
Kneed,,https://www.kneed.com/
Knife & Axe,United States,https://www.knifeandaxe.com/
Knockaround,United States,https://www.knockaround.com/
Knog,Australia,https://knog.com.au
Kodiak,Canada,https://kodiakgroup.com
Kodiak Wildlife,Canada,https://www.kodiakwildlifeproducts.com/
Kokatat,United States,https://www.kokatat.com/
Kokopelli,United States,https://kokopellirafts.com
Kokopelli Packraft,United States,https://www.kokopellipackraft.com/
Kombi,Canada,https://kombi.com
Kombi Canada,Canada,https://kombica.com/
Komperdell,Austria,https://komperdell.com
Kootenay GoodLife,Canada,https://www.kootenaygoodlifepublishing.com/
Kootenay Life,Canada,https://www.kootenaylife.com/
Krono Nutrition,,https://
Kuhl,United States,https://www.kuhl.com/
Kula Cloth,,https://www.kulacloth.com/
Kuma,,https://
Kupilka,Finland,https://www.kupilka.fi/en/
Kuu,,https://
KV+ Canada,Canada,https://kvcanada.com/
La Sportiva,Italy,https://www.lasportiva.com/
Laid Back Snacks,Canada,https://laidbacksnacks.com
LARQ,United States,https://livelarq.com
Lasting Merino,Czech Republic,https://www.lasting.cz/
Leatherman,United States,https://www.leatherman.com/
Leave A Leaf,,https://www.leavealeaf.com/
Lebent,,https://www.lebent.com/
Leki,Germany,https://www.leki.com/
Lenz,Austria,https://lenzproducts.com
Lenz Canada,Canada,https://www.lenzproducts.com/
Level Six,United States,https://www.levelsix.com/
Lezyne,United States,https://lezyne.com
Life Sports Gear,,https://www.lifesportsgear.com/
Life Straw,Switzerland,https://www.lifestraw.com/
Life-Sports,,https://
LifeStraw,Switzerland,https://lifestraw.com
Lifeventure,United Kingdom,https://lifeventure.com
Light My Fire,Sweden,https://www.lightmyfire.com/
Linal,,https://
LokSak,United States,https://www.loksak.com/
Loksak,United States,https://loksak.com
Look,France,https://lookcycle.com
LORPEN,Spain,https://lorpen.com
Louis Garneau,Canada,https://garneau.com
Lowa,Germany,https://www.lowa.de/
Lowe Alpine,United Kingdom,https://www.lowealpine.com/
Luci Lights,United States,https://www.mylucilight.com/
Luminaid,United States,https://luminaid.com
Luno,,https://www.luno.com/
Lupine,Germany,https://lupine.de
M Essentials,,https://
Macks,United States,https://www.mackspacks.com/
Mad Rock,United States,https://www.madrock.com/
Madshus,Norway,https://www.madshus.com/
Magic Oats,,https://www.magicoats.com/
Magicshine,China,https://magicshine.com
Magnum,United States,https://magnumboots.com
MakeMyBellyFit,,https://
Malone Auto Racks,United States,https://www.maloneautoracks.com/
Mammut,Switzerland,https://www.mammut.com/
Maplus,Italy,https://maplus.it
Marker,Austria,https://marker.net
Marker Bindings & Helmets,Austria,https://www.marker.net/
Marmot,United States,https://www.marmot.com/
Martha Headwear,,https://www.marthaheadwear.com/
Matador,United States,https://matadorup.com
Maxim,,https://www.maximoutdoor.com/
Maxxis,Taiwan,https://maxxis.com
MEC,Canada,https://mec.ca
Med Spec,United States,https://medspec.com/
Meidjo,,https://www.meidjo.com/
Mephisto,France,https://www.mephisto.com/
Merrell,United States,https://www.merrell.com/
Metolius,United States,https://www.metoliusclimbing.com/
MHO Adventures,,https://www.mhoadventures.com/
Midnight Lightning,,https://
Midnight Lightning Climbing,,https://www.midnightlightningclimbing.com/
Miir,United States,https://miir.com
Milo,,https://
Mirrycle,United States,https://mirrycle.com
Mizuno,Japan,https://www.mizunousa.com/
Moment Skis,United States,https://www.momentskis.com/
Moneysworth,Canada,https://moneysworth.com
Mono,Canada,https://www.monousa.com/
Mons Royale,New Zealand,https://www.monsroyale.com/
Montrail,United States,https://www.mountainwarehouse.com/
Moose Bicycle,,https://
Mora,Sweden,https://moraofsweden.com
Mora - Morakniv,Sweden,https://www.morakniv.se/
Morrison Outdoors,,https://
Mosquito Shield,,https://
Motorola,United States,https://motorola.com
Mountain Coffee Co.,Canada,https://mountaincoffeeco.com
Mountain Hardwear,United States,https://www.mountainhardwear.com/
Mountain House,United States,https://www.mountainhouse.com/
Mountain Lab,,https://www.mountainlab.com/
Mountaineers Books,United States,https://www.mountaineersbooks.org/
Mountainflow,,https://
MPG,,https://
Mr. Zogs,United States,https://www.mrzogs.com/
MSR,United States,https://www.msrgear.com/
Muc-Off,United Kingdom,https://muc-off.com
Muck,United States,https://www.muckbootcompany.com/
Mucky Nutz,United Kingdom,https://muckynutz.com
Mueller,United States,https://www.muellersportsmed.com/
Must Do Canada,Canada,https://mustdocanada.com
Mustang Survival,Canada,https://mustangsurvival.com
Mustang Survival Co.,Canada,https://www.mustangsurvival.com/
Mystery Ranch,United States,https://www.mysteryranch.com/
Naak,,https://www.naamathletic.com/
Naddur Board Co.,,https://www.naddur.com/
Nalgene,United States,https://www.nalgene.com/
Naot,Israel,https://www.naot.com/
Nathan,United States,https://www.nathansports.com/
National Molding,United States,https://nationalmolding
Natrapel,United States,https://www.natrapel.com/
Navas Lab Apparel,,https://www.navaslab.com/
Naya Water Gear,United States,https://www.nayawatergear.com/
Nelson`s Chocofellar,,https://www.nelsonschocofellar.com/
Nemo,United States,https://nemoequipment.com
NEMO Equipment,United States,https://www.nemoequipment.com/
New Balance,United States,https://www.newbalance.com/
Nexus,Canada,https://nexusoutdoor.com
Nike,United States,https://about.nike.com/
Nikwax,United Kingdom,https://nikwax.com
Nikwax Waterproofing,United Kingdom,https://www.nikwax.com/
Nite Ize,United States,https://niteize.com
Nite-Ize,United States,https://www.niteize.com/
Noble,United States,https://nobleoutfitters.com
Nocs Provisions,United States,https://www.nocsprovisions.com/
Nomad Nutrition,,https://www.nomadnutrition.com/
Nomadix,United States,https://www.nomadixgoods.com/
Norda,Canada,https://norda.com
norda run,,https://www.nordarun.com/
Nordica,Italy,https://nordica.com
Norfolk,United States,https://norfolkoutfitters.com
Norrona,Norway,https://www.norrona.com/
North Water,Canada,https://northwater.com
North Water Rescue,,https://www.northwaterrescue.com/
Noso Patches,,https://www.nosopatches.com/
NoSo Patches,United States,https://nosopatches.com
Nova Craft Canoe,Canada,https://www.novacraft.com/
NRS,United States,https://nrs.com
NRS Canada,Canada,https://www.nrs.com/
Nuu-Muu,,https://www.nuumuu.com/
nuun,United States,https://www.nuunlife.com/
Nuun,United States,https://nuunlife.com
OAC,,https://www.oacgear.com/
OAC Skis,Canada,https://oacskis.com
Oakley,United States,https://www.oakley.com/
Oatworthy,Canada,https://oatworthy.com
Oboz,United States,https://obozfootwear.com/
Ocean Lineage,,https://www.oceanlineage.com/
Odlo,Switzerland,https://www.odlo.com/
Old Town,United States,https://oldtowncanoe.com
Old Town Canoes & Kayaks,United States,https://www.oldtowncanoe.com/
Olukai,United States,https://www.olukai.com/
ON,Switzerland,https://www.on-running.com/
On,Switzerland,https://on-running.com
On Running,Switzerland,https://www.on-running.com/
OneUp,Canada,https://oneupcomponents.com
OnGuard,United States,https://onguardlock.com
OnSight Equipment,United States,https://www.onsightequipment.com/
Oofos,United States,https://oofos.com
Ooni,United States,https://ooni.com
Opinel,France,https://opinel.com
Opinel Knives,France,https://www.opinel.com/
Optimus,Sweden,https://www.optimuscamping.com/
Orage,Canada,https://orage.com
Original Bug Shirt Company,Canada,https://bugshirt.com
OrthoFeet,United States,https://www.orthofeet.com/
Ortlieb,Germany,https://ortlieb.com
Ortovox,Germany,https://www.ortovox.com/
Osprey,United States,https://www.osprey.com/
Ossur,Iceland,https://www.ossur.com/
Outdoor Element,,https://www.outdoorelement.com/
Outdoor Research,United States,https://www.outdoorresearch.com/
Outdoor Voices,United States,https://outdoorvoices.com
Outland Living,Canada,https://outlandliving.com
Outside Inside,United States,https://outsideinside.com
Outway,,https://www.outway.com/
Over The Edge,,https://www.overtheedge.ca/
P3,,https://
PackTowl,United States,https://www.packtowl.com/
Pacsafe,Australia,https://pacsafe.com
Padz,,https://www.padz.com/
Park Tool,United States,https://parktool.com
Parkhurst,Canada,https://parkhurst.com
Passage Hat Co.,,https://www.passagehatco.com/
Patagonia,United States,https://www.patagonia.com/
Peak Refuel,,https://www.peakrefuel.com/
Pearl Izumi,United States,https://www.pearlizumi.com/
Peaty's,United Kingdom,https://peatys.co.uk
Pedifix,United States,https://www.pedifix.com/
Pedros,United States,https://pedros.com
Pelican,United States,https://pelican.com
Pelican Products,United States,https://www.pelican.com/
Pen on Paper Co,,https://www.penonpaperco.com/
Peppermint,United States,https://peppermint.com
Petzl,France,https://www.petzl.com/
Petzl America Pro,United States,https://www.petzl.com/
PiActive,Canada,https://piactive.com
Picture Organic Clothing,France,https://www.picture-organic-clothing.com/
Pieps,Austria,https://www.pieps.com/
Pirelli,Italy,https://pirelli.com
Pistil,United States,https://pistildesigns.com
Planet Bike,United States,https://planetbike.com
Platypus,United States,https://www.platy.com/
POC,Sweden,https://pocsports.com
Polar,Finland,https://polar.com
Polar Bottle,United States,https://polarbottle.com
Polar Joe,United States,https://polarjoe.com
Polygon,Indonesia,https://polygonbikes.com
PoMoCa,,https://www.pomoca.com/
Pomoca,Switzerland,https://pomoca.com
Portland Design Works,United States,https://ridepdw.com/
Portofino,,https://
Potti Corp.,,https://www.potticorp.com/
Prana,United States,https://www.prana.com/
Prana Organic,Canada,https://pranaorganic.com
Pret,,https://www.pret.com/
Primus,Sweden,https://www.primus.eu/
Princeton Tec,United States,https://www.princetontec.com/
Pristine,,https://www.pristinegear.com/
Pro-Tec Athletics,United States,https://pro-tecathletics.com
Probar,United States,https://probar.com
"Probar, LLC",United States,https://www.probar.com/
Prohands,United States,https://prohands.net
Propet,United States,https://www.propetusa.com/
Protec,,https://
Pukka,United Kingdom,https://www.pukkaherbs.com/
PURE naturals,,https://www.purenaturals.com/
Pyranha,United Kingdom,https://www.pyranha.com/
Quickdraw,,https://www.quickdrawgear.com/
Rab,United Kingdom,https://rab.equipment/
Raincoast Books,Canada,https://www.raincoast.com/
Raincoast Trading,Canada,https://raincoasttrading.com
Rangeland,Canada,https://rangeland.ca
Red Equipment,,https://www.redequipment.com/
Red Pine Outdoor Equipment Inc.,Canada,https://www.redpineoutdoor.com/
Redback,Australia,https://www.redbackboots.com.au/
Redback Boots Australia,Australia,https://www.redbackboots.com.au/
Redtail,Canada,https://redtailpaddle.com/
Reebok,United States,https://www.reebok.com/
Reef,Australia,https://www.reef.com/
Reef Canada,Canada,https://www.reefcanada.com/
Reima,Finland,https://www.reima.com/
Restop,,https://
ReviveX,,https://
Rhino Skin Solutions,,https://www.rhinoskinsolutions.com/
Ride Concepts,United States,https://rideconcepts.com/
RideWrap,United States,https://www.ridewrap.com/
Ridley,Belgium,https://ridley-bikes.com/
Rip Curl,Australia,https://www.ripcurl.com/
Rite in the Rain,United States,https://www.riteintherain.com/
Ritter Sport,Germany,https://www.ritter-sport.com/
Roark,United States,https://www.roarkrevival.com/
RockShox,United States,https://www.sram.com/
Rocky Mountain Dog,Canada,https://www.rockymountaindog.ca/
Rockymounts,United States,https://www.rockymounts.com/
Rossignol,France,https://www.rossignol.com/
Rottefella,Norway,https://www.rottefella.com/
Royal Robbins,United States,https://www.royalrobbins.com/
Rrats,,https://
Rubbers,,https://
Ruffwear,United States,https://ruffwear.com/
Rumpl,Canada,https://rumpl.ca/
Rundle Nordic Inc,Canada,https://www.rundlenordic.com/
Rux,,https://www.ruxgear.com/
RUX,,https://
Salewa,Italy,https://www.salewa.com/
Salomon,France,https://www.salomon.com/
Salsa,United States,https://salsacycles.com/
SaltStick,United States,https://www.saltstick.com/
Saltstick,United States,https://www.saltstick.com/
Salus Marine,,https://www.salusmarine.com/
Samaya,,https://
Samui,,https://
SandMaster,,https://
Sanuk,United States,https://www.sanuk.com/
Saucony,United States,https://www.saucony.com/
Saxx,Canada,https://www.saxxunderwear.com/
Saxx Underwear,Canada,https://www.saxxunderwear.com/
Scarpa,Italy,https://www.scarpa.com/
SCARPA,Italy,https://www.scarpa.com/
Scat Belt,,https://www.scatbelt.com/
Schwalbe,Germany,https://www.schwalbe.com/
Scott,Switzerland,https://www.scott-sports.com/
Scuvvers,,https://
Sea To Sky Backcountry Map,Canada,https://www.seatoskybackcountrymap.com/
Sea To Summit,Australia,https://seatosummit.com/
SealLine,United States,https://www.sealline.com/
Seals Sprayskirts,United States,https://www.sealsinc.com/
Seaward Kayaks,United States,https://www.seawardkayaks.com/
Seirus,United States,https://www.seirus.com/
Selle Royal,Italy,https://www.selleroyal.com/
SGN Skis,,https://www.sgnskis.com/
Shimano,Japan,https://bike.shimano.com/
Shishka Outdoors,,https://www.shishkaoutdoors.com/
Shokz,,https://www.shokz.com/
Showers Pass,United States,https://www.showerspass.com/
Sidas,France,https://www.sidas.com/
Sierra Dawn,,https://
Siip,,https://
Silky,Japan,https://www.silky-saw.com/
Silky Saws,Japan,https://www.silky-saw.com/
Silva,Sweden,https://www.silva.se/
Silverfoot Active Wear Ltd.,,https://www.silverfoot.com/
Ski Ties,United States,https://www.skities.com/
Skils,,https://www.skils.com/
Skratch Labs,United States,https://www.skratchlabs.com/
SKS,Germany,https://www.sks-germany.com/
Slackline Industries,United States,https://slackline.com/
Slowtide,United States,https://www.slowtide.com/
SLY,,https://
Smartwool,United States,https://www.smartwool.com/
SMC - Seattle Manufacturing Corporation,United States,https://www.smcgear.com/
Smith,United States,https://www.smithoptics.com/
Smith Optics,United States,https://www.smithoptics.com/
Snow Peak,Japan,https://www.snowpeak.com/
SOG,United States,https://www.sogknives.com/
SolarBag,,https://www.solarbag.com/
Sole,Canada,https://yoursole.com/
Sombrio,Canada,https://sombrio.com/
Sorel,Canada,https://www.sorel.com/
Soul Comfort Sheepskin,,https://www.soulcomfort.ca/
Spacecraft,,https://www.spacecraftgear.com/
Spark,United States,https://www.spark-snowboards.com/
Speedo,United States,https://www.speedousa.com/
Spenco,United States,https://spenco.com/
Spider Tech,Canada,https://www.spidertech.com/
Sportful,Italy,https://www.sportful.com/
SportRack,United States,https://www.sportrack.com/
Sportube,United States,https://sportube.com/
Spot,United States,https://www.findmespot.com/
Sprintech,,https://
Spy+,United States,https://spyoptic.com/
Squirt,United States,https://www.squirtlubes.com/
SRAM,United States,https://www.sram.com/
Stages,United States,https://www.stagescycling.com/
Stan's No Tubes,United States,https://www.stanstubes.com/
Stance,United States,https://www.stance.com/
Stance Socks,United States,https://www.stance.com/
Stanley,United States,https://www.stanley-pmi.com/
Star,,https://
STAR Inflatables,,https://www.starinflatables.com/
Stasher,United States,https://www.stasherbag.com/
Steadyrack,United States,https://www.steadyrack.com/
SteriPEN,United States,https://www.steripen.com/
Sterling Ropes,United States,https://www.sterlingrope.com/
Steve Tersmette,,https://www.stevetersmette.com/
Stohlquist WaterWare,United States,https://www.stohlquist.com/
Stoko,Denmark,https://www.stoko.com/
Stonz,Canada,https://www.stonz.ca/
Strassburg Sock,,https://
Strider,United States,https://www.striderbikes.com/
Strive,,https://
Sun Bum,United States,https://www.sunbum.com/
Suncloud,United States,https://www.suncloudsunglasses.com/
Sunday Afternoons,United States,https://www.sundayafternoons.com/
SunRace,Taiwan,https://www.sunrace.com.tw/
Sunski,United States,https://www.sunski.com/
Superfeet,United States,https://www.superfeet.com/
Survive Outdoors Longer,United States,https://www.solgear.com/
Suspenz,,https://www.suspenz.com/
Suunto,Finland,https://www.suunto.com/
Sven-Saw,,https://www.svensaw.com/
Swagman,Canada,https://www.swagman.com/
Sweet Nutrition,,https://
Sweet Protection Helmets,Norway,https://www.sweetprotection.com/
Swiftwick,United States,https://www.swiftwick.com/
Swix,Norway,https://www.swixsport.com/
Tacx,Netherlands,https://www.tacx.com/
Tailwind Nutrition,United States,https://www.tailwindnutrition.com/
Tannus,South Korea,https://www.tannus.com/
Tear-Aid,United States,https://www.tear-aid.com/
Tecnica,Italy,https://www.tecnica.it/
Ten4Tec,,https://
Tenaya,Spain,https://www.tenaya.com/
tentree,Canada,https://www.tentree.com/
Tera Kaia,,https://www.terakaia.com/
Teravail,United States,https://www.teravail.com/
Teva,United States,https://www.teva.com/
That's it.,United States,https://www.thatsitfruit.com/
The Adventures Ashley Cork Hats,,https://www.ashleyadventures.com/
The Bee Lab Botanicals,,https://www.thebeelab.ca/
The Deuce,,https://www.thedeucegear.com/
The James Brand,United States,https://www.thejamesbrand.com/
The North Face,United States,https://www.thenorthface.com/
Therm-A-Rest,United States,https://www.thermarest.com/
Thermacell,United States,https://www.thermacell.com/
Thermic,,https://www.thermicgear.com/
Thin Gruel Press,,https://www.thingruelpress.com/
Thinkbaby,United States,https://www.thinkbaby.com/
Thinksport,United States,https://www.thinksport.com/
Thule,Sweden,https://www.thule.com/
Tilley,Canada,https://www.tilley.com/
Time,United States,https://en.wikipedia.org/wiki/Time_
Toasterz,,https://
Tony's Chocolonely,Netherlands,https://tonyschocolonely.com/
Tools4Boards,,https://
Topo Athletics,United States,https://www.topoathletic.com/
Topo Designs,United States,https://topodesigns.com/
Totem,,https://www.totemgear.com/
Trail Magik,,https://www.trailmagik.com/
Trail Ventures BC Inc.,Canada,https://www.trailventures.ca/
Trango,United States,https://trangoclimbing.com/
Travel Chair,United States,https://www.travelchair.com/
Tread & Butter,,https://www.treadandbutter.com/
Trezeta,Italy,https://www.trezeta.com/
Triggerpoint,United States,https://www.tptherapy.com/
Tru Flare,,https://
TrueFlare,,https://www.trueflare.com/
Tubbs,United States,https://www.tubbs.com/
UCO,United States,https://www.ucogear.com/
UGG,United States,https://www.ugg.com/
Ultimate Direction,United States,https://www.ultimatedirection.com/
Ultimate Survival Technologies,United States,https://www.ultimatesurvivals.com/
Unlostify,,https://
UnParallel,,https://www.unparallel.com/
Uptracks Publishing,,https://www.uptrackspublishing.com/
Ursack,United States,https://www.ursack.com/
USWE,Sweden,https://www.uswe-sports.com/
Valhalla Pure Outfitters,,https://www.valhallapure.com/
Vancouver Umbrella Inc,Canada,https://vancouverumbrella.com/
Vasque,United States,https://www.vasque.com/
VDO,Germany,https://www.vdo.com/
Veriga,,https://www.veriga.com/
Vessi,Canada,https://vessi.com/
Vesta,,https://www.vestagear.com/
Vibram,Italy,https://us.vibram.com/
Vibram Five Fingers,Italy,https://us.vibram.com/
Victorinox,Switzerland,https://www.victorinox.com/
Vionic,United States,https://www.vionicshoes.com/
Voile,United States,https://www.voile.com/
VPO Nelson,,https://www.vpo.ca/
VPO Online,,https://www.vpoonline.com/
VSSL Outdoor Utility Tools,United States,https://vsslgear.com/
Vuori,United States,https://www.vuoriclothing.com/
Wacaco,,https://
Wahoo Fitness,United States,https://www.wahoofitness.com/
Wallaroo,Australia,https://wallaroohats.com/
Wallaroo Hats,Australia,https://www.wallaroo.com.au/
Waterford Press,,https://
Watershed,United States,https://www.watershed.net/
We Norwegians,Norway,https://www.wenorwegians.com/
Web Source,,https://
Wera,Germany,https://www.wera.de/
Werner Paddles,United States,https://www.wernerpaddles.com/
West Coast Kitchen,,https://www.westcoastkitchen.com/
Westcoastees,,https://www.westcoastees.com/
Western Marine Company,,https://www.westernmarineco.com/
Western Mountaineering,United States,https://www.westernmountaineering.com/
Weston,,https://
Wheel Shop,,https://
Wigwam,United States,https://www.wigwam.com/
Wild Air Photography,,https://www.wildairphotography.com/
Wild Coast Publishing,,https://www.wildcoastpublishing.com/
Wild Country,United Kingdom,https://www.wildcountry.com/
Wild Edge Keto,,https://www.wildedgeketo.com/
Wild Isle Guide,,https://www.wildisleguide.com/
Wild Slice Designs,,https://www.wildslicedesigns.com/
Wilderness Systems,United States,https://www.wildernesssystems.com/
Wildo,Sweden,https://www.wildo.com/
WNDR Wonder Alpine,,https://www.wndrgear.com/
WoodsCan Industries Inc,,https://www.woodscanindustries.com/
World Famous,,https://
WrightSock,United States,https://www.wrightsock.com/
WRSI,United States,https://www.wrsi.com/
WTB,United States,https://www.wtb.com/
Xact,,https://
Xalibu Skis,,https://www.xalibuskis.com/
Xcel,United States,https://xcelwetsuits.com/
XSPEX,,https://www.xspex.com/
Xtratuf,United States,https://www.xtratufboots.com/
Yakima,United States,https://yakima.com/
Yaktrax,United States,https://www.yaktrax.com/
Yatta Life Inc.,,https://www.yattalife.com/
Yeti,United States,https://www.yeti.com/
Your Green Kitchen,,https://www.yourgreenkitchen.com/
YY Vertical,Canada,https://www.yyvertical.com/
ZAG Skis,Canada,https://www.zagskis.com/
Zamberlan,Italy,https://www.zamberlan.com/
Zazubean,,https://
Zeal,United States,https://www.zealoptics.com/
Zempire,,https://
Zhik,Australia,https://www.zhik.com/
Zippo,United States,https://www.zippo.com/
Zoleo,Canada,https://www.zoleo.com/
Zotefoams,United Kingdom,https://www.zotefoams.com/
Crocs,United States,https://www.crocs.ca
Karrimor,United Kingdom,https://www.karrimor.com/